{
  "parameters": [1.5       , 1.50689655, 1.5137931 , 1.52068966, 1.52758621,
      1.53448276, 1.54137931, 1.54827586, 1.55517241, 1.56206897,
      1.56896552, 1.57586207, 1.58275862, 1.58965517, 1.59655172,
      1.60344828, 1.61034483, 1.61724138, 1.62413793, 1.63103448,
      1.63793103, 1.64482759, 1.65172414, 1.65862069],
  "steps": {
    "drop": 7000,
    "measure": 10
  },
  "results": {
    "dir": "./data",
    "name": "200x200run"
  },
  "fields": {
    "size": 200,
    "dir": "./fields",
    "quantity": 100
  },
  "persistence": {
    "start": 15000,
    "end": 16000
  }
  }
}