{
  "parameters": [0.9       , 0.91864407, 0.93728814, 0.9559322 , 0.97457627,
                 0.99322034, 1.01186441, 1.03050847, 1.04915254, 1.06779661,
                 1.08644068, 1.10508475, 1.12372881, 1.14237288, 1.16101695,
                 1.17966102, 1.19830508, 1.21694915, 1.23559322, 1.25423729,
                 1.27288136, 1.29152542, 1.31016949, 1.32881356, 1.34745763,
                 1.36610169, 1.38474576, 1.40338983, 1.4220339 , 1.44067797,
                 1.45932203, 1.4779661 , 1.49661017, 1.51525424, 1.53389831,
                 1.55254237, 1.57118644, 1.58983051, 1.60847458, 1.62711864,
                 1.64576271, 1.66440678, 1.68305085, 1.70169492, 1.72033898,
                 1.73898305, 1.75762712, 1.77627119, 1.79491525, 1.81355932,
                 1.83220339, 1.85084746, 1.86949153, 1.88813559, 1.90677966,
                 1.92542373, 1.9440678 , 1.96271186, 1.98135593, 2.        ],
  "steps": {
    "drop": 10000,
    "measure": 10
  },
  "results": {
    "dir": "./data",
    "name": "200MeanGame"
  },
  "fields": {
    "size": 200,
    "dir": "./fields",
    "quantity": 40
  },
  "persistence": {
    "start": 15000,
    "end": 16000
  }
}