{
  "parameters": [1.73898305, 1.75762712, 1.77627119, 1.79491525, 1.81355932, 1.83220339, 1.85084746, 1.86949153, 1.88813559, 1.90677966, 1.92542373, 1.9440678, 1.96271186, 1.98135593, 2.0],
  "steps": {
    "drop": 10000,
    "measure": 10,
  },
  "results": {
    "dir": "./data", "name": "part1"}, "fields": {"size": 200, "dir": "./fields", "quantity": 40}, "persistence": {"start": 15000, "end": 16000}}